"translation","chapter","meta_data"
"kjv","Isa.1","kjv.Isa.1"
"kjv","Isa.2","kjv.Isa.2"
"kjv","Isa.3","kjv.Isa.3"
"kjv","Isa.4","kjv.Isa.4"
"kjv","Isa.5","kjv.Isa.5"
"kjv","Isa.6","kjv.Isa.6"
"kjv","Isa.7","kjv.Isa.7"
"kjv","Isa.8","kjv.Isa.8"
"kjv","Isa.9","kjv.Isa.9"
"kjv","Isa.10","kjv.Isa.10"
"kjv","Isa.11","kjv.Isa.11"
"kjv","Isa.12","kjv.Isa.12"
"kjv","Isa.13","kjv.Isa.13"
"kjv","Isa.14","kjv.Isa.14"
"kjv","Isa.15","kjv.Isa.15"
"kjv","Isa.16","kjv.Isa.16"
"kjv","Isa.17","kjv.Isa.17"
"kjv","Isa.18","kjv.Isa.18"
"kjv","Isa.19","kjv.Isa.19"
"kjv","Isa.20","kjv.Isa.20"
"kjv","Isa.21","kjv.Isa.21"
"kjv","Isa.22","kjv.Isa.22"
"kjv","Isa.23","kjv.Isa.23"
"kjv","Isa.24","kjv.Isa.24"
"kjv","Isa.25","kjv.Isa.25"
"kjv","Isa.26","kjv.Isa.26"
"kjv","Isa.27","kjv.Isa.27"
"kjv","Isa.28","kjv.Isa.28"
"kjv","Isa.29","kjv.Isa.29"
"kjv","Isa.30","kjv.Isa.30"
"kjv","Isa.31","kjv.Isa.31"
"kjv","Isa.32","kjv.Isa.32"
"kjv","Isa.33","kjv.Isa.33"
"kjv","Isa.34","kjv.Isa.34"
"kjv","Isa.35","kjv.Isa.35"
"kjv","Isa.36","kjv.Isa.36"
"kjv","Isa.37","kjv.Isa.37"
"kjv","Isa.38","kjv.Isa.38"
"kjv","Isa.39","kjv.Isa.39"
"kjv","Isa.40","kjv.Isa.40"
"kjv","Isa.41","kjv.Isa.41"
"kjv","Isa.42","kjv.Isa.42"
"kjv","Isa.43","kjv.Isa.43"
"kjv","Isa.44","kjv.Isa.44"
"kjv","Isa.45","kjv.Isa.45"
"kjv","Isa.46","kjv.Isa.46"
"kjv","Isa.47","kjv.Isa.47"
"kjv","Isa.48","kjv.Isa.48"
"kjv","Isa.49","kjv.Isa.49"
"kjv","Isa.50","kjv.Isa.50"
"kjv","Isa.51","kjv.Isa.51"
"kjv","Isa.52","kjv.Isa.52"
"kjv","Isa.53","kjv.Isa.53"
"kjv","Isa.54","kjv.Isa.54"
"kjv","Isa.55","kjv.Isa.55"
"kjv","Isa.56","kjv.Isa.56"
"kjv","Isa.57","kjv.Isa.57"
"kjv","Isa.58","kjv.Isa.58"
"kjv","Isa.59","kjv.Isa.59"
"kjv","Isa.60","kjv.Isa.60"
"kjv","Isa.61","kjv.Isa.61"
"kjv","Isa.62","kjv.Isa.62"
"kjv","Isa.63","kjv.Isa.63"
"kjv","Isa.64","kjv.Isa.64"
"kjv","Isa.65","kjv.Isa.65"
"kjv","Isa.66","kjv.Isa.66"