"translation","chapter","meta_data"
"kjv","Job.1","kjv.Job.1"
"kjv","Job.2","kjv.Job.2"
"kjv","Job.3","kjv.Job.3"
"kjv","Job.4","kjv.Job.4"
"kjv","Job.5","kjv.Job.5"
"kjv","Job.6","kjv.Job.6"
"kjv","Job.7","kjv.Job.7"
"kjv","Job.8","kjv.Job.8"
"kjv","Job.9","kjv.Job.9"
"kjv","Job.10","kjv.Job.10"
"kjv","Job.11","kjv.Job.11"
"kjv","Job.12","kjv.Job.12"
"kjv","Job.13","kjv.Job.13"
"kjv","Job.14","kjv.Job.14"
"kjv","Job.15","kjv.Job.15"
"kjv","Job.16","kjv.Job.16"
"kjv","Job.17","kjv.Job.17"
"kjv","Job.18","kjv.Job.18"
"kjv","Job.19","kjv.Job.19"
"kjv","Job.20","kjv.Job.20"
"kjv","Job.21","kjv.Job.21"
"kjv","Job.22","kjv.Job.22"
"kjv","Job.23","kjv.Job.23"
"kjv","Job.24","kjv.Job.24"
"kjv","Job.25","kjv.Job.25"
"kjv","Job.26","kjv.Job.26"
"kjv","Job.27","kjv.Job.27"
"kjv","Job.28","kjv.Job.28"
"kjv","Job.29","kjv.Job.29"
"kjv","Job.30","kjv.Job.30"
"kjv","Job.31","kjv.Job.31"
"kjv","Job.32","kjv.Job.32"
"kjv","Job.33","kjv.Job.33"
"kjv","Job.34","kjv.Job.34"
"kjv","Job.35","kjv.Job.35"
"kjv","Job.36","kjv.Job.36"
"kjv","Job.37","kjv.Job.37"
"kjv","Job.38","kjv.Job.38"
"kjv","Job.39","kjv.Job.39"
"kjv","Job.40","kjv.Job.40"
"kjv","Job.41","kjv.Job.41"
"kjv","Job.42","kjv.Job.42"