"translation","chapter","meta_data"
"kjv","John.1","kjv.John.1"
"kjv","John.2","kjv.John.2"
"kjv","John.3","kjv.John.3"
"kjv","John.4","kjv.John.4"
"kjv","John.5","kjv.John.5"
"kjv","John.6","kjv.John.6"
"kjv","John.7","kjv.John.7"
"kjv","John.8","kjv.John.8"
"kjv","John.9","kjv.John.9"
"kjv","John.10","kjv.John.10"
"kjv","John.11","kjv.John.11"
"kjv","John.12","kjv.John.12"
"kjv","John.13","kjv.John.13"
"kjv","John.14","kjv.John.14"
"kjv","John.15","kjv.John.15"
"kjv","John.16","kjv.John.16"
"kjv","John.17","kjv.John.17"
"kjv","John.18","kjv.John.18"
"kjv","John.19","kjv.John.19"
"kjv","John.20","kjv.John.20"
"kjv","John.21","kjv.John.21"