"translation","chapter","meta_data"
"kjv","Matt.1","kjv.Matt.1"
"kjv","Matt.2","kjv.Matt.2"
"kjv","Matt.3","kjv.Matt.3"
"kjv","Matt.4","kjv.Matt.4"
"kjv","Matt.5","kjv.Matt.5"
"kjv","Matt.6","kjv.Matt.6"
"kjv","Matt.7","kjv.Matt.7"
"kjv","Matt.8","kjv.Matt.8"
"kjv","Matt.9","kjv.Matt.9"
"kjv","Matt.10","kjv.Matt.10"
"kjv","Matt.11","kjv.Matt.11"
"kjv","Matt.12","kjv.Matt.12"
"kjv","Matt.13","kjv.Matt.13"
"kjv","Matt.14","kjv.Matt.14"
"kjv","Matt.15","kjv.Matt.15"
"kjv","Matt.16","kjv.Matt.16"
"kjv","Matt.17","kjv.Matt.17"
"kjv","Matt.18","kjv.Matt.18"
"kjv","Matt.19","kjv.Matt.19"
"kjv","Matt.20","kjv.Matt.20"
"kjv","Matt.21","kjv.Matt.21"
"kjv","Matt.22","kjv.Matt.22"
"kjv","Matt.23","kjv.Matt.23"
"kjv","Matt.24","kjv.Matt.24"
"kjv","Matt.25","kjv.Matt.25"
"kjv","Matt.26","kjv.Matt.26"
"kjv","Matt.27","kjv.Matt.27"
"kjv","Matt.28","kjv.Matt.28"