"translation","chapter","meta_data"
"kjv","Ps.1","kjv.Ps.1"
"kjv","Ps.2","kjv.Ps.2"
"kjv","Ps.3","kjv.Ps.3"
"kjv","Ps.4","kjv.Ps.4"
"kjv","Ps.5","kjv.Ps.5"
"kjv","Ps.6","kjv.Ps.6"
"kjv","Ps.7","kjv.Ps.7"
"kjv","Ps.8","kjv.Ps.8"
"kjv","Ps.9","kjv.Ps.9"
"kjv","Ps.10","kjv.Ps.10"
"kjv","Ps.11","kjv.Ps.11"
"kjv","Ps.12","kjv.Ps.12"
"kjv","Ps.13","kjv.Ps.13"
"kjv","Ps.14","kjv.Ps.14"
"kjv","Ps.15","kjv.Ps.15"
"kjv","Ps.16","kjv.Ps.16"
"kjv","Ps.17","kjv.Ps.17"
"kjv","Ps.18","kjv.Ps.18"
"kjv","Ps.19","kjv.Ps.19"
"kjv","Ps.20","kjv.Ps.20"
"kjv","Ps.21","kjv.Ps.21"
"kjv","Ps.22","kjv.Ps.22"
"kjv","Ps.23","kjv.Ps.23"
"kjv","Ps.24","kjv.Ps.24"
"kjv","Ps.25","kjv.Ps.25"
"kjv","Ps.26","kjv.Ps.26"
"kjv","Ps.27","kjv.Ps.27"
"kjv","Ps.28","kjv.Ps.28"
"kjv","Ps.29","kjv.Ps.29"
"kjv","Ps.30","kjv.Ps.30"
"kjv","Ps.31","kjv.Ps.31"
"kjv","Ps.32","kjv.Ps.32"
"kjv","Ps.33","kjv.Ps.33"
"kjv","Ps.34","kjv.Ps.34"
"kjv","Ps.35","kjv.Ps.35"
"kjv","Ps.36","kjv.Ps.36"
"kjv","Ps.37","kjv.Ps.37"
"kjv","Ps.38","kjv.Ps.38"
"kjv","Ps.39","kjv.Ps.39"
"kjv","Ps.40","kjv.Ps.40"
"kjv","Ps.41","kjv.Ps.41"
"kjv","Ps.42","kjv.Ps.42"
"kjv","Ps.43","kjv.Ps.43"
"kjv","Ps.44","kjv.Ps.44"
"kjv","Ps.45","kjv.Ps.45"
"kjv","Ps.46","kjv.Ps.46"
"kjv","Ps.47","kjv.Ps.47"
"kjv","Ps.48","kjv.Ps.48"
"kjv","Ps.49","kjv.Ps.49"
"kjv","Ps.50","kjv.Ps.50"
"kjv","Ps.51","kjv.Ps.51"
"kjv","Ps.52","kjv.Ps.52"
"kjv","Ps.53","kjv.Ps.53"
"kjv","Ps.54","kjv.Ps.54"
"kjv","Ps.55","kjv.Ps.55"
"kjv","Ps.56","kjv.Ps.56"
"kjv","Ps.57","kjv.Ps.57"
"kjv","Ps.58","kjv.Ps.58"
"kjv","Ps.59","kjv.Ps.59"
"kjv","Ps.60","kjv.Ps.60"
"kjv","Ps.61","kjv.Ps.61"
"kjv","Ps.62","kjv.Ps.62"
"kjv","Ps.63","kjv.Ps.63"
"kjv","Ps.64","kjv.Ps.64"
"kjv","Ps.65","kjv.Ps.65"
"kjv","Ps.66","kjv.Ps.66"
"kjv","Ps.67","kjv.Ps.67"
"kjv","Ps.68","kjv.Ps.68"
"kjv","Ps.69","kjv.Ps.69"
"kjv","Ps.70","kjv.Ps.70"
"kjv","Ps.71","kjv.Ps.71"
"kjv","Ps.72","kjv.Ps.72"
"kjv","Ps.73","kjv.Ps.73"
"kjv","Ps.74","kjv.Ps.74"
"kjv","Ps.75","kjv.Ps.75"
"kjv","Ps.76","kjv.Ps.76"
"kjv","Ps.77","kjv.Ps.77"
"kjv","Ps.78","kjv.Ps.78"
"kjv","Ps.79","kjv.Ps.79"
"kjv","Ps.80","kjv.Ps.80"
"kjv","Ps.81","kjv.Ps.81"
"kjv","Ps.82","kjv.Ps.82"
"kjv","Ps.83","kjv.Ps.83"
"kjv","Ps.84","kjv.Ps.84"
"kjv","Ps.85","kjv.Ps.85"
"kjv","Ps.86","kjv.Ps.86"
"kjv","Ps.87","kjv.Ps.87"
"kjv","Ps.88","kjv.Ps.88"
"kjv","Ps.89","kjv.Ps.89"
"kjv","Ps.90","kjv.Ps.90"
"kjv","Ps.91","kjv.Ps.91"
"kjv","Ps.92","kjv.Ps.92"
"kjv","Ps.93","kjv.Ps.93"
"kjv","Ps.94","kjv.Ps.94"
"kjv","Ps.95","kjv.Ps.95"
"kjv","Ps.96","kjv.Ps.96"
"kjv","Ps.97","kjv.Ps.97"
"kjv","Ps.98","kjv.Ps.98"
"kjv","Ps.99","kjv.Ps.99"
"kjv","Ps.100","kjv.Ps.100"
"kjv","Ps.101","kjv.Ps.101"
"kjv","Ps.102","kjv.Ps.102"
"kjv","Ps.103","kjv.Ps.103"
"kjv","Ps.104","kjv.Ps.104"
"kjv","Ps.105","kjv.Ps.105"
"kjv","Ps.106","kjv.Ps.106"
"kjv","Ps.107","kjv.Ps.107"
"kjv","Ps.108","kjv.Ps.108"
"kjv","Ps.109","kjv.Ps.109"
"kjv","Ps.110","kjv.Ps.110"
"kjv","Ps.111","kjv.Ps.111"
"kjv","Ps.112","kjv.Ps.112"
"kjv","Ps.113","kjv.Ps.113"
"kjv","Ps.114","kjv.Ps.114"
"kjv","Ps.115","kjv.Ps.115"
"kjv","Ps.116","kjv.Ps.116"
"kjv","Ps.117","kjv.Ps.117"
"kjv","Ps.118","kjv.Ps.118"
"kjv","Ps.119","kjv.Ps.119"
"kjv","Ps.120","kjv.Ps.120"
"kjv","Ps.121","kjv.Ps.121"
"kjv","Ps.122","kjv.Ps.122"
"kjv","Ps.123","kjv.Ps.123"
"kjv","Ps.124","kjv.Ps.124"
"kjv","Ps.125","kjv.Ps.125"
"kjv","Ps.126","kjv.Ps.126"
"kjv","Ps.127","kjv.Ps.127"
"kjv","Ps.128","kjv.Ps.128"
"kjv","Ps.129","kjv.Ps.129"
"kjv","Ps.130","kjv.Ps.130"
"kjv","Ps.131","kjv.Ps.131"
"kjv","Ps.132","kjv.Ps.132"
"kjv","Ps.133","kjv.Ps.133"
"kjv","Ps.134","kjv.Ps.134"
"kjv","Ps.135","kjv.Ps.135"
"kjv","Ps.136","kjv.Ps.136"
"kjv","Ps.137","kjv.Ps.137"
"kjv","Ps.138","kjv.Ps.138"
"kjv","Ps.139","kjv.Ps.139"
"kjv","Ps.140","kjv.Ps.140"
"kjv","Ps.141","kjv.Ps.141"
"kjv","Ps.142","kjv.Ps.142"
"kjv","Ps.143","kjv.Ps.143"
"kjv","Ps.144","kjv.Ps.144"
"kjv","Ps.145","kjv.Ps.145"
"kjv","Ps.146","kjv.Ps.146"
"kjv","Ps.147","kjv.Ps.147"
"kjv","Ps.148","kjv.Ps.148"
"kjv","Ps.149","kjv.Ps.149"
"kjv","Ps.150","kjv.Ps.150"