"translation","chapter","meta_data"
"kjv","Gen.1","kjv.Gen.1"
"kjv","Gen.2","kjv.Gen.2"
"kjv","Gen.3","kjv.Gen.3"
"kjv","Gen.4","kjv.Gen.4"
"kjv","Gen.5","kjv.Gen.5"
"kjv","Gen.6","kjv.Gen.6"
"kjv","Gen.7","kjv.Gen.7"
"kjv","Gen.8","kjv.Gen.8"
"kjv","Gen.9","kjv.Gen.9"
"kjv","Gen.10","kjv.Gen.10"
"kjv","Gen.11","kjv.Gen.11"
"kjv","Gen.12","kjv.Gen.12"
"kjv","Gen.13","kjv.Gen.13"
"kjv","Gen.14","kjv.Gen.14"
"kjv","Gen.15","kjv.Gen.15"
"kjv","Gen.16","kjv.Gen.16"
"kjv","Gen.17","kjv.Gen.17"
"kjv","Gen.18","kjv.Gen.18"
"kjv","Gen.19","kjv.Gen.19"
"kjv","Gen.20","kjv.Gen.20"
"kjv","Gen.21","kjv.Gen.21"
"kjv","Gen.22","kjv.Gen.22"
"kjv","Gen.23","kjv.Gen.23"
"kjv","Gen.24","kjv.Gen.24"
"kjv","Gen.25","kjv.Gen.25"
"kjv","Gen.26","kjv.Gen.26"
"kjv","Gen.27","kjv.Gen.27"
"kjv","Gen.28","kjv.Gen.28"
"kjv","Gen.29","kjv.Gen.29"
"kjv","Gen.30","kjv.Gen.30"
"kjv","Gen.31","kjv.Gen.31"
"kjv","Gen.32","kjv.Gen.32"
"kjv","Gen.33","kjv.Gen.33"
"kjv","Gen.34","kjv.Gen.34"
"kjv","Gen.35","kjv.Gen.35"
"kjv","Gen.36","kjv.Gen.36"
"kjv","Gen.37","kjv.Gen.37"
"kjv","Gen.38","kjv.Gen.38"
"kjv","Gen.39","kjv.Gen.39"
"kjv","Gen.40","kjv.Gen.40"
"kjv","Gen.41","kjv.Gen.41"
"kjv","Gen.42","kjv.Gen.42"
"kjv","Gen.43","kjv.Gen.43"
"kjv","Gen.44","kjv.Gen.44"
"kjv","Gen.45","kjv.Gen.45"
"kjv","Gen.46","kjv.Gen.46"
"kjv","Gen.47","kjv.Gen.47"
"kjv","Gen.48","kjv.Gen.48"
"kjv","Gen.49","kjv.Gen.49"
"kjv","Gen.50","kjv.Gen.50"
"kjv","Exod.1","kjv.Exod.1"
"kjv","Exod.2","kjv.Exod.2"
"kjv","Exod.3","kjv.Exod.3"
"kjv","Exod.4","kjv.Exod.4"
"kjv","Exod.5","kjv.Exod.5"
"kjv","Exod.6","kjv.Exod.6"
"kjv","Exod.7","kjv.Exod.7"
"kjv","Exod.8","kjv.Exod.8"
"kjv","Exod.9","kjv.Exod.9"
"kjv","Exod.10","kjv.Exod.10"
"kjv","Exod.11","kjv.Exod.11"
"kjv","Exod.12","kjv.Exod.12"
"kjv","Exod.13","kjv.Exod.13"
"kjv","Exod.14","kjv.Exod.14"
"kjv","Exod.15","kjv.Exod.15"
"kjv","Exod.16","kjv.Exod.16"
"kjv","Exod.17","kjv.Exod.17"
"kjv","Exod.18","kjv.Exod.18"
"kjv","Exod.19","kjv.Exod.19"
"kjv","Exod.20","kjv.Exod.20"
"kjv","Exod.21","kjv.Exod.21"
"kjv","Exod.22","kjv.Exod.22"
"kjv","Exod.23","kjv.Exod.23"
"kjv","Exod.24","kjv.Exod.24"
"kjv","Exod.25","kjv.Exod.25"
"kjv","Exod.26","kjv.Exod.26"
"kjv","Exod.27","kjv.Exod.27"
"kjv","Exod.28","kjv.Exod.28"
"kjv","Exod.29","kjv.Exod.29"
"kjv","Exod.30","kjv.Exod.30"
"kjv","Exod.31","kjv.Exod.31"
"kjv","Exod.32","kjv.Exod.32"
"kjv","Exod.33","kjv.Exod.33"
"kjv","Exod.34","kjv.Exod.34"
"kjv","Exod.35","kjv.Exod.35"
"kjv","Exod.36","kjv.Exod.36"
"kjv","Exod.37","kjv.Exod.37"
"kjv","Exod.38","kjv.Exod.38"
"kjv","Exod.39","kjv.Exod.39"
"kjv","Exod.40","kjv.Exod.40"
"kjv","Lev.1","kjv.Lev.1"
"kjv","Lev.2","kjv.Lev.2"
"kjv","Lev.3","kjv.Lev.3"
"kjv","Lev.4","kjv.Lev.4"
"kjv","Lev.5","kjv.Lev.5"
"kjv","Lev.6","kjv.Lev.6"
"kjv","Lev.7","kjv.Lev.7"
"kjv","Lev.8","kjv.Lev.8"
"kjv","Lev.9","kjv.Lev.9"
"kjv","Lev.10","kjv.Lev.10"
"kjv","Lev.11","kjv.Lev.11"
"kjv","Lev.12","kjv.Lev.12"
"kjv","Lev.13","kjv.Lev.13"
"kjv","Lev.14","kjv.Lev.14"
"kjv","Lev.15","kjv.Lev.15"
"kjv","Lev.16","kjv.Lev.16"
"kjv","Lev.17","kjv.Lev.17"
"kjv","Lev.18","kjv.Lev.18"
"kjv","Lev.19","kjv.Lev.19"
"kjv","Lev.20","kjv.Lev.20"
"kjv","Lev.21","kjv.Lev.21"
"kjv","Lev.22","kjv.Lev.22"
"kjv","Lev.23","kjv.Lev.23"
"kjv","Lev.24","kjv.Lev.24"
"kjv","Lev.25","kjv.Lev.25"
"kjv","Lev.26","kjv.Lev.26"
"kjv","Lev.27","kjv.Lev.27"
"kjv","Num.1","kjv.Num.1"
"kjv","Num.2","kjv.Num.2"
"kjv","Num.3","kjv.Num.3"
"kjv","Num.4","kjv.Num.4"
"kjv","Num.5","kjv.Num.5"
"kjv","Num.6","kjv.Num.6"
"kjv","Num.7","kjv.Num.7"
"kjv","Num.8","kjv.Num.8"
"kjv","Num.9","kjv.Num.9"
"kjv","Num.10","kjv.Num.10"
"kjv","Num.11","kjv.Num.11"
"kjv","Num.12","kjv.Num.12"
"kjv","Num.13","kjv.Num.13"
"kjv","Num.14","kjv.Num.14"
"kjv","Num.15","kjv.Num.15"
"kjv","Num.16","kjv.Num.16"
"kjv","Num.17","kjv.Num.17"
"kjv","Num.18","kjv.Num.18"
"kjv","Num.19","kjv.Num.19"
"kjv","Num.20","kjv.Num.20"
"kjv","Num.21","kjv.Num.21"
"kjv","Num.22","kjv.Num.22"
"kjv","Num.23","kjv.Num.23"
"kjv","Num.24","kjv.Num.24"
"kjv","Num.25","kjv.Num.25"
"kjv","Num.26","kjv.Num.26"
"kjv","Num.27","kjv.Num.27"
"kjv","Num.28","kjv.Num.28"
"kjv","Num.29","kjv.Num.29"
"kjv","Num.30","kjv.Num.30"
"kjv","Num.31","kjv.Num.31"
"kjv","Num.32","kjv.Num.32"
"kjv","Num.33","kjv.Num.33"
"kjv","Num.34","kjv.Num.34"
"kjv","Num.35","kjv.Num.35"
"kjv","Num.36","kjv.Num.36"
"kjv","Deut.1","kjv.Deut.1"
"kjv","Deut.2","kjv.Deut.2"
"kjv","Deut.3","kjv.Deut.3"
"kjv","Deut.4","kjv.Deut.4"
"kjv","Deut.5","kjv.Deut.5"
"kjv","Deut.6","kjv.Deut.6"
"kjv","Deut.7","kjv.Deut.7"
"kjv","Deut.8","kjv.Deut.8"
"kjv","Deut.9","kjv.Deut.9"
"kjv","Deut.10","kjv.Deut.10"
"kjv","Deut.11","kjv.Deut.11"
"kjv","Deut.12","kjv.Deut.12"
"kjv","Deut.13","kjv.Deut.13"
"kjv","Deut.14","kjv.Deut.14"
"kjv","Deut.15","kjv.Deut.15"
"kjv","Deut.16","kjv.Deut.16"
"kjv","Deut.17","kjv.Deut.17"
"kjv","Deut.18","kjv.Deut.18"
"kjv","Deut.19","kjv.Deut.19"
"kjv","Deut.20","kjv.Deut.20"
"kjv","Deut.21","kjv.Deut.21"
"kjv","Deut.22","kjv.Deut.22"
"kjv","Deut.23","kjv.Deut.23"
"kjv","Deut.24","kjv.Deut.24"
"kjv","Deut.25","kjv.Deut.25"
"kjv","Deut.26","kjv.Deut.26"
"kjv","Deut.27","kjv.Deut.27"
"kjv","Deut.28","kjv.Deut.28"
"kjv","Deut.29","kjv.Deut.29"
"kjv","Deut.30","kjv.Deut.30"
"kjv","Deut.31","kjv.Deut.31"
"kjv","Deut.32","kjv.Deut.32"
"kjv","Deut.33","kjv.Deut.33"
"kjv","Deut.34","kjv.Deut.34"
"kjv","Josh.1","kjv.Josh.1"
"kjv","Josh.2","kjv.Josh.2"
"kjv","Josh.3","kjv.Josh.3"
"kjv","Josh.4","kjv.Josh.4"
"kjv","Josh.5","kjv.Josh.5"
"kjv","Josh.6","kjv.Josh.6"
"kjv","Josh.7","kjv.Josh.7"
"kjv","Josh.8","kjv.Josh.8"
"kjv","Josh.9","kjv.Josh.9"
"kjv","Josh.10","kjv.Josh.10"
"kjv","Josh.11","kjv.Josh.11"
"kjv","Josh.12","kjv.Josh.12"
"kjv","Josh.13","kjv.Josh.13"
"kjv","Josh.14","kjv.Josh.14"
"kjv","Josh.15","kjv.Josh.15"
"kjv","Josh.16","kjv.Josh.16"
"kjv","Josh.17","kjv.Josh.17"
"kjv","Josh.18","kjv.Josh.18"
"kjv","Josh.19","kjv.Josh.19"
"kjv","Josh.20","kjv.Josh.20"
"kjv","Josh.21","kjv.Josh.21"
"kjv","Josh.22","kjv.Josh.22"
"kjv","Josh.23","kjv.Josh.23"
"kjv","Josh.24","kjv.Josh.24"
"kjv","Judg.1","kjv.Judg.1"
"kjv","Judg.2","kjv.Judg.2"
"kjv","Judg.3","kjv.Judg.3"
"kjv","Judg.4","kjv.Judg.4"
"kjv","Judg.5","kjv.Judg.5"
"kjv","Judg.6","kjv.Judg.6"
"kjv","Judg.7","kjv.Judg.7"
"kjv","Judg.8","kjv.Judg.8"
"kjv","Judg.9","kjv.Judg.9"
"kjv","Judg.10","kjv.Judg.10"
"kjv","Judg.11","kjv.Judg.11"
"kjv","Judg.12","kjv.Judg.12"
"kjv","Judg.13","kjv.Judg.13"
"kjv","Judg.14","kjv.Judg.14"
"kjv","Judg.15","kjv.Judg.15"
"kjv","Judg.16","kjv.Judg.16"
"kjv","Judg.17","kjv.Judg.17"
"kjv","Judg.18","kjv.Judg.18"
"kjv","Judg.19","kjv.Judg.19"
"kjv","Judg.20","kjv.Judg.20"
"kjv","Judg.21","kjv.Judg.21"
"kjv","Ruth.1","kjv.Ruth.1"
"kjv","Ruth.2","kjv.Ruth.2"
"kjv","Ruth.3","kjv.Ruth.3"
"kjv","Ruth.4","kjv.Ruth.4"
"kjv","1Sam.1","kjv.1Sam.1"
"kjv","1Sam.2","kjv.1Sam.2"
"kjv","1Sam.3","kjv.1Sam.3"
"kjv","1Sam.4","kjv.1Sam.4"
"kjv","1Sam.5","kjv.1Sam.5"
"kjv","1Sam.6","kjv.1Sam.6"
"kjv","1Sam.7","kjv.1Sam.7"
"kjv","1Sam.8","kjv.1Sam.8"
"kjv","1Sam.9","kjv.1Sam.9"
"kjv","1Sam.10","kjv.1Sam.10"
"kjv","1Sam.11","kjv.1Sam.11"
"kjv","1Sam.12","kjv.1Sam.12"
"kjv","1Sam.13","kjv.1Sam.13"
"kjv","1Sam.14","kjv.1Sam.14"
"kjv","1Sam.15","kjv.1Sam.15"
"kjv","1Sam.16","kjv.1Sam.16"
"kjv","1Sam.17","kjv.1Sam.17"
"kjv","1Sam.18","kjv.1Sam.18"
"kjv","1Sam.19","kjv.1Sam.19"
"kjv","1Sam.20","kjv.1Sam.20"
"kjv","1Sam.21","kjv.1Sam.21"
"kjv","1Sam.22","kjv.1Sam.22"
"kjv","1Sam.23","kjv.1Sam.23"
"kjv","1Sam.24","kjv.1Sam.24"
"kjv","1Sam.25","kjv.1Sam.25"
"kjv","1Sam.26","kjv.1Sam.26"
"kjv","1Sam.27","kjv.1Sam.27"
"kjv","1Sam.28","kjv.1Sam.28"
"kjv","1Sam.29","kjv.1Sam.29"
"kjv","1Sam.30","kjv.1Sam.30"
"kjv","1Sam.31","kjv.1Sam.31"
"kjv","2Sam.1","kjv.2Sam.1"
"kjv","2Sam.2","kjv.2Sam.2"
"kjv","2Sam.3","kjv.2Sam.3"
"kjv","2Sam.4","kjv.2Sam.4"
"kjv","2Sam.5","kjv.2Sam.5"
"kjv","2Sam.6","kjv.2Sam.6"
"kjv","2Sam.7","kjv.2Sam.7"
"kjv","2Sam.8","kjv.2Sam.8"
"kjv","2Sam.9","kjv.2Sam.9"
"kjv","2Sam.10","kjv.2Sam.10"
"kjv","2Sam.11","kjv.2Sam.11"
"kjv","2Sam.12","kjv.2Sam.12"
"kjv","2Sam.13","kjv.2Sam.13"
"kjv","2Sam.14","kjv.2Sam.14"
"kjv","2Sam.15","kjv.2Sam.15"
"kjv","2Sam.16","kjv.2Sam.16"
"kjv","2Sam.17","kjv.2Sam.17"
"kjv","2Sam.18","kjv.2Sam.18"
"kjv","2Sam.19","kjv.2Sam.19"
"kjv","2Sam.20","kjv.2Sam.20"
"kjv","2Sam.21","kjv.2Sam.21"
"kjv","2Sam.22","kjv.2Sam.22"
"kjv","2Sam.23","kjv.2Sam.23"
"kjv","2Sam.24","kjv.2Sam.24"
"kjv","1Kgs.1","kjv.1Kgs.1"
"kjv","1Kgs.2","kjv.1Kgs.2"
"kjv","1Kgs.3","kjv.1Kgs.3"
"kjv","1Kgs.4","kjv.1Kgs.4"
"kjv","1Kgs.5","kjv.1Kgs.5"
"kjv","1Kgs.6","kjv.1Kgs.6"
"kjv","1Kgs.7","kjv.1Kgs.7"
"kjv","1Kgs.8","kjv.1Kgs.8"
"kjv","1Kgs.9","kjv.1Kgs.9"
"kjv","1Kgs.10","kjv.1Kgs.10"
"kjv","1Kgs.11","kjv.1Kgs.11"
"kjv","1Kgs.12","kjv.1Kgs.12"
"kjv","1Kgs.13","kjv.1Kgs.13"
"kjv","1Kgs.14","kjv.1Kgs.14"
"kjv","1Kgs.15","kjv.1Kgs.15"
"kjv","1Kgs.16","kjv.1Kgs.16"
"kjv","1Kgs.17","kjv.1Kgs.17"
"kjv","1Kgs.18","kjv.1Kgs.18"
"kjv","1Kgs.19","kjv.1Kgs.19"
"kjv","1Kgs.20","kjv.1Kgs.20"
"kjv","1Kgs.21","kjv.1Kgs.21"
"kjv","1Kgs.22","kjv.1Kgs.22"
"kjv","2Kgs.1","kjv.2Kgs.1"
"kjv","2Kgs.2","kjv.2Kgs.2"
"kjv","2Kgs.3","kjv.2Kgs.3"
"kjv","2Kgs.4","kjv.2Kgs.4"
"kjv","2Kgs.5","kjv.2Kgs.5"
"kjv","2Kgs.6","kjv.2Kgs.6"
"kjv","2Kgs.7","kjv.2Kgs.7"
"kjv","2Kgs.8","kjv.2Kgs.8"
"kjv","2Kgs.9","kjv.2Kgs.9"
"kjv","2Kgs.10","kjv.2Kgs.10"
"kjv","2Kgs.11","kjv.2Kgs.11"
"kjv","2Kgs.12","kjv.2Kgs.12"
"kjv","2Kgs.13","kjv.2Kgs.13"
"kjv","2Kgs.14","kjv.2Kgs.14"
"kjv","2Kgs.15","kjv.2Kgs.15"
"kjv","2Kgs.16","kjv.2Kgs.16"
"kjv","2Kgs.17","kjv.2Kgs.17"
"kjv","2Kgs.18","kjv.2Kgs.18"
"kjv","2Kgs.19","kjv.2Kgs.19"
"kjv","2Kgs.20","kjv.2Kgs.20"
"kjv","2Kgs.21","kjv.2Kgs.21"
"kjv","2Kgs.22","kjv.2Kgs.22"
"kjv","2Kgs.23","kjv.2Kgs.23"
"kjv","2Kgs.24","kjv.2Kgs.24"
"kjv","2Kgs.25","kjv.2Kgs.25"
"kjv","1Chr.1","kjv.1Chr.1"
"kjv","1Chr.2","kjv.1Chr.2"
"kjv","1Chr.3","kjv.1Chr.3"
"kjv","1Chr.4","kjv.1Chr.4"
"kjv","1Chr.5","kjv.1Chr.5"
"kjv","1Chr.6","kjv.1Chr.6"
"kjv","1Chr.7","kjv.1Chr.7"
"kjv","1Chr.8","kjv.1Chr.8"
"kjv","1Chr.9","kjv.1Chr.9"
"kjv","1Chr.10","kjv.1Chr.10"
"kjv","1Chr.11","kjv.1Chr.11"
"kjv","1Chr.12","kjv.1Chr.12"
"kjv","1Chr.13","kjv.1Chr.13"
"kjv","1Chr.14","kjv.1Chr.14"
"kjv","1Chr.15","kjv.1Chr.15"
"kjv","1Chr.16","kjv.1Chr.16"
"kjv","1Chr.17","kjv.1Chr.17"
"kjv","1Chr.18","kjv.1Chr.18"
"kjv","1Chr.19","kjv.1Chr.19"
"kjv","1Chr.20","kjv.1Chr.20"
"kjv","1Chr.21","kjv.1Chr.21"
"kjv","1Chr.22","kjv.1Chr.22"
"kjv","1Chr.23","kjv.1Chr.23"
"kjv","1Chr.24","kjv.1Chr.24"
"kjv","1Chr.25","kjv.1Chr.25"
"kjv","1Chr.26","kjv.1Chr.26"
"kjv","1Chr.27","kjv.1Chr.27"
"kjv","1Chr.28","kjv.1Chr.28"
"kjv","1Chr.29","kjv.1Chr.29"
"kjv","2Chr.1","kjv.2Chr.1"
"kjv","2Chr.2","kjv.2Chr.2"
"kjv","2Chr.3","kjv.2Chr.3"
"kjv","2Chr.4","kjv.2Chr.4"
"kjv","2Chr.5","kjv.2Chr.5"
"kjv","2Chr.6","kjv.2Chr.6"
"kjv","2Chr.7","kjv.2Chr.7"
"kjv","2Chr.8","kjv.2Chr.8"
"kjv","2Chr.9","kjv.2Chr.9"
"kjv","2Chr.10","kjv.2Chr.10"
"kjv","2Chr.11","kjv.2Chr.11"
"kjv","2Chr.12","kjv.2Chr.12"
"kjv","2Chr.13","kjv.2Chr.13"
"kjv","2Chr.14","kjv.2Chr.14"
"kjv","2Chr.15","kjv.2Chr.15"
"kjv","2Chr.16","kjv.2Chr.16"
"kjv","2Chr.17","kjv.2Chr.17"
"kjv","2Chr.18","kjv.2Chr.18"
"kjv","2Chr.19","kjv.2Chr.19"
"kjv","2Chr.20","kjv.2Chr.20"
"kjv","2Chr.21","kjv.2Chr.21"
"kjv","2Chr.22","kjv.2Chr.22"
"kjv","2Chr.23","kjv.2Chr.23"
"kjv","2Chr.24","kjv.2Chr.24"
"kjv","2Chr.25","kjv.2Chr.25"
"kjv","2Chr.26","kjv.2Chr.26"
"kjv","2Chr.27","kjv.2Chr.27"
"kjv","2Chr.28","kjv.2Chr.28"
"kjv","2Chr.29","kjv.2Chr.29"
"kjv","2Chr.30","kjv.2Chr.30"
"kjv","2Chr.31","kjv.2Chr.31"
"kjv","2Chr.32","kjv.2Chr.32"
"kjv","2Chr.33","kjv.2Chr.33"
"kjv","2Chr.34","kjv.2Chr.34"
"kjv","2Chr.35","kjv.2Chr.35"
"kjv","2Chr.36","kjv.2Chr.36"
"kjv","Ezra.1","kjv.Ezra.1"
"kjv","Ezra.2","kjv.Ezra.2"
"kjv","Ezra.3","kjv.Ezra.3"
"kjv","Ezra.4","kjv.Ezra.4"
"kjv","Ezra.5","kjv.Ezra.5"
"kjv","Ezra.6","kjv.Ezra.6"
"kjv","Ezra.7","kjv.Ezra.7"
"kjv","Ezra.8","kjv.Ezra.8"
"kjv","Ezra.9","kjv.Ezra.9"
"kjv","Ezra.10","kjv.Ezra.10"
"kjv","Neh.1","kjv.Neh.1"
"kjv","Neh.2","kjv.Neh.2"
"kjv","Neh.3","kjv.Neh.3"
"kjv","Neh.4","kjv.Neh.4"
"kjv","Neh.5","kjv.Neh.5"
"kjv","Neh.6","kjv.Neh.6"
"kjv","Neh.7","kjv.Neh.7"
"kjv","Neh.8","kjv.Neh.8"
"kjv","Neh.9","kjv.Neh.9"
"kjv","Neh.10","kjv.Neh.10"
"kjv","Neh.11","kjv.Neh.11"
"kjv","Neh.12","kjv.Neh.12"
"kjv","Neh.13","kjv.Neh.13"
"kjv","Esth.1","kjv.Esth.1"
"kjv","Esth.2","kjv.Esth.2"
"kjv","Esth.3","kjv.Esth.3"
"kjv","Esth.4","kjv.Esth.4"
"kjv","Esth.5","kjv.Esth.5"
"kjv","Esth.6","kjv.Esth.6"
"kjv","Esth.7","kjv.Esth.7"
"kjv","Esth.8","kjv.Esth.8"
"kjv","Esth.9","kjv.Esth.9"
"kjv","Esth.10","kjv.Esth.10"
"kjv","Job.1","kjv.Job.1"
"kjv","Job.2","kjv.Job.2"
"kjv","Job.3","kjv.Job.3"
"kjv","Job.4","kjv.Job.4"
"kjv","Job.5","kjv.Job.5"
"kjv","Job.6","kjv.Job.6"
"kjv","Job.7","kjv.Job.7"
"kjv","Job.8","kjv.Job.8"
"kjv","Job.9","kjv.Job.9"
"kjv","Job.10","kjv.Job.10"
"kjv","Job.11","kjv.Job.11"
"kjv","Job.12","kjv.Job.12"
"kjv","Job.13","kjv.Job.13"
"kjv","Job.14","kjv.Job.14"
"kjv","Job.15","kjv.Job.15"
"kjv","Job.16","kjv.Job.16"
"kjv","Job.17","kjv.Job.17"
"kjv","Job.18","kjv.Job.18"
"kjv","Job.19","kjv.Job.19"
"kjv","Job.20","kjv.Job.20"
"kjv","Job.21","kjv.Job.21"
"kjv","Job.22","kjv.Job.22"
"kjv","Job.23","kjv.Job.23"
"kjv","Job.24","kjv.Job.24"
"kjv","Job.25","kjv.Job.25"
"kjv","Job.26","kjv.Job.26"
"kjv","Job.27","kjv.Job.27"
"kjv","Job.28","kjv.Job.28"
"kjv","Job.29","kjv.Job.29"
"kjv","Job.30","kjv.Job.30"
"kjv","Job.31","kjv.Job.31"
"kjv","Job.32","kjv.Job.32"
"kjv","Job.33","kjv.Job.33"
"kjv","Job.34","kjv.Job.34"
"kjv","Job.35","kjv.Job.35"
"kjv","Job.36","kjv.Job.36"
"kjv","Job.37","kjv.Job.37"
"kjv","Job.38","kjv.Job.38"
"kjv","Job.39","kjv.Job.39"
"kjv","Job.40","kjv.Job.40"
"kjv","Job.41","kjv.Job.41"
"kjv","Job.42","kjv.Job.42"
"kjv","Ps.1","kjv.Ps.1"
"kjv","Ps.2","kjv.Ps.2"
"kjv","Ps.3","kjv.Ps.3"
"kjv","Ps.4","kjv.Ps.4"
"kjv","Ps.5","kjv.Ps.5"
"kjv","Ps.6","kjv.Ps.6"
"kjv","Ps.7","kjv.Ps.7"
"kjv","Ps.8","kjv.Ps.8"
"kjv","Ps.9","kjv.Ps.9"
"kjv","Ps.10","kjv.Ps.10"
"kjv","Ps.11","kjv.Ps.11"
"kjv","Ps.12","kjv.Ps.12"
"kjv","Ps.13","kjv.Ps.13"
"kjv","Ps.14","kjv.Ps.14"
"kjv","Ps.15","kjv.Ps.15"
"kjv","Ps.16","kjv.Ps.16"
"kjv","Ps.17","kjv.Ps.17"
"kjv","Ps.18","kjv.Ps.18"
"kjv","Ps.19","kjv.Ps.19"
"kjv","Ps.20","kjv.Ps.20"
"kjv","Ps.21","kjv.Ps.21"
"kjv","Ps.22","kjv.Ps.22"
"kjv","Ps.23","kjv.Ps.23"
"kjv","Ps.24","kjv.Ps.24"
"kjv","Ps.25","kjv.Ps.25"
"kjv","Ps.26","kjv.Ps.26"
"kjv","Ps.27","kjv.Ps.27"
"kjv","Ps.28","kjv.Ps.28"
"kjv","Ps.29","kjv.Ps.29"
"kjv","Ps.30","kjv.Ps.30"
"kjv","Ps.31","kjv.Ps.31"
"kjv","Ps.32","kjv.Ps.32"
"kjv","Ps.33","kjv.Ps.33"
"kjv","Ps.34","kjv.Ps.34"
"kjv","Ps.35","kjv.Ps.35"
"kjv","Ps.36","kjv.Ps.36"
"kjv","Ps.37","kjv.Ps.37"
"kjv","Ps.38","kjv.Ps.38"
"kjv","Ps.39","kjv.Ps.39"
"kjv","Ps.40","kjv.Ps.40"
"kjv","Ps.41","kjv.Ps.41"
"kjv","Ps.42","kjv.Ps.42"
"kjv","Ps.43","kjv.Ps.43"
"kjv","Ps.44","kjv.Ps.44"
"kjv","Ps.45","kjv.Ps.45"
"kjv","Ps.46","kjv.Ps.46"
"kjv","Ps.47","kjv.Ps.47"
"kjv","Ps.48","kjv.Ps.48"
"kjv","Ps.49","kjv.Ps.49"
"kjv","Ps.50","kjv.Ps.50"
"kjv","Ps.51","kjv.Ps.51"
"kjv","Ps.52","kjv.Ps.52"
"kjv","Ps.53","kjv.Ps.53"
"kjv","Ps.54","kjv.Ps.54"
"kjv","Ps.55","kjv.Ps.55"
"kjv","Ps.56","kjv.Ps.56"
"kjv","Ps.57","kjv.Ps.57"
"kjv","Ps.58","kjv.Ps.58"
"kjv","Ps.59","kjv.Ps.59"
"kjv","Ps.60","kjv.Ps.60"
"kjv","Ps.61","kjv.Ps.61"
"kjv","Ps.62","kjv.Ps.62"
"kjv","Ps.63","kjv.Ps.63"
"kjv","Ps.64","kjv.Ps.64"
"kjv","Ps.65","kjv.Ps.65"
"kjv","Ps.66","kjv.Ps.66"
"kjv","Ps.67","kjv.Ps.67"
"kjv","Ps.68","kjv.Ps.68"
"kjv","Ps.69","kjv.Ps.69"
"kjv","Ps.70","kjv.Ps.70"
"kjv","Ps.71","kjv.Ps.71"
"kjv","Ps.72","kjv.Ps.72"
"kjv","Ps.73","kjv.Ps.73"
"kjv","Ps.74","kjv.Ps.74"
"kjv","Ps.75","kjv.Ps.75"
"kjv","Ps.76","kjv.Ps.76"
"kjv","Ps.77","kjv.Ps.77"
"kjv","Ps.78","kjv.Ps.78"
"kjv","Ps.79","kjv.Ps.79"
"kjv","Ps.80","kjv.Ps.80"
"kjv","Ps.81","kjv.Ps.81"
"kjv","Ps.82","kjv.Ps.82"
"kjv","Ps.83","kjv.Ps.83"
"kjv","Ps.84","kjv.Ps.84"
"kjv","Ps.85","kjv.Ps.85"
"kjv","Ps.86","kjv.Ps.86"
"kjv","Ps.87","kjv.Ps.87"
"kjv","Ps.88","kjv.Ps.88"
"kjv","Ps.89","kjv.Ps.89"
"kjv","Ps.90","kjv.Ps.90"
"kjv","Ps.91","kjv.Ps.91"
"kjv","Ps.92","kjv.Ps.92"
"kjv","Ps.93","kjv.Ps.93"
"kjv","Ps.94","kjv.Ps.94"
"kjv","Ps.95","kjv.Ps.95"
"kjv","Ps.96","kjv.Ps.96"
"kjv","Ps.97","kjv.Ps.97"
"kjv","Ps.98","kjv.Ps.98"
"kjv","Ps.99","kjv.Ps.99"
"kjv","Ps.100","kjv.Ps.100"
"kjv","Ps.101","kjv.Ps.101"
"kjv","Ps.102","kjv.Ps.102"
"kjv","Ps.103","kjv.Ps.103"
"kjv","Ps.104","kjv.Ps.104"
"kjv","Ps.105","kjv.Ps.105"
"kjv","Ps.106","kjv.Ps.106"
"kjv","Ps.107","kjv.Ps.107"
"kjv","Ps.108","kjv.Ps.108"
"kjv","Ps.109","kjv.Ps.109"
"kjv","Ps.110","kjv.Ps.110"
"kjv","Ps.111","kjv.Ps.111"
"kjv","Ps.112","kjv.Ps.112"
"kjv","Ps.113","kjv.Ps.113"
"kjv","Ps.114","kjv.Ps.114"
"kjv","Ps.115","kjv.Ps.115"
"kjv","Ps.116","kjv.Ps.116"
"kjv","Ps.117","kjv.Ps.117"
"kjv","Ps.118","kjv.Ps.118"
"kjv","Ps.119","kjv.Ps.119"
"kjv","Ps.120","kjv.Ps.120"
"kjv","Ps.121","kjv.Ps.121"
"kjv","Ps.122","kjv.Ps.122"
"kjv","Ps.123","kjv.Ps.123"
"kjv","Ps.124","kjv.Ps.124"
"kjv","Ps.125","kjv.Ps.125"
"kjv","Ps.126","kjv.Ps.126"
"kjv","Ps.127","kjv.Ps.127"
"kjv","Ps.128","kjv.Ps.128"
"kjv","Ps.129","kjv.Ps.129"
"kjv","Ps.130","kjv.Ps.130"
"kjv","Ps.131","kjv.Ps.131"
"kjv","Ps.132","kjv.Ps.132"
"kjv","Ps.133","kjv.Ps.133"
"kjv","Ps.134","kjv.Ps.134"
"kjv","Ps.135","kjv.Ps.135"
"kjv","Ps.136","kjv.Ps.136"
"kjv","Ps.137","kjv.Ps.137"
"kjv","Ps.138","kjv.Ps.138"
"kjv","Ps.139","kjv.Ps.139"
"kjv","Ps.140","kjv.Ps.140"
"kjv","Ps.141","kjv.Ps.141"
"kjv","Ps.142","kjv.Ps.142"
"kjv","Ps.143","kjv.Ps.143"
"kjv","Ps.144","kjv.Ps.144"
"kjv","Ps.145","kjv.Ps.145"
"kjv","Ps.146","kjv.Ps.146"
"kjv","Ps.147","kjv.Ps.147"
"kjv","Ps.148","kjv.Ps.148"
"kjv","Ps.149","kjv.Ps.149"
"kjv","Ps.150","kjv.Ps.150"
"kjv","Prov.1","kjv.Prov.1"
"kjv","Prov.2","kjv.Prov.2"
"kjv","Prov.3","kjv.Prov.3"
"kjv","Prov.4","kjv.Prov.4"
"kjv","Prov.5","kjv.Prov.5"
"kjv","Prov.6","kjv.Prov.6"
"kjv","Prov.7","kjv.Prov.7"
"kjv","Prov.8","kjv.Prov.8"
"kjv","Prov.9","kjv.Prov.9"
"kjv","Prov.10","kjv.Prov.10"
"kjv","Prov.11","kjv.Prov.11"
"kjv","Prov.12","kjv.Prov.12"
"kjv","Prov.13","kjv.Prov.13"
"kjv","Prov.14","kjv.Prov.14"
"kjv","Prov.15","kjv.Prov.15"
"kjv","Prov.16","kjv.Prov.16"
"kjv","Prov.17","kjv.Prov.17"
"kjv","Prov.18","kjv.Prov.18"
"kjv","Prov.19","kjv.Prov.19"
"kjv","Prov.20","kjv.Prov.20"
"kjv","Prov.21","kjv.Prov.21"
"kjv","Prov.22","kjv.Prov.22"
"kjv","Prov.23","kjv.Prov.23"
"kjv","Prov.24","kjv.Prov.24"
"kjv","Prov.25","kjv.Prov.25"
"kjv","Prov.26","kjv.Prov.26"
"kjv","Prov.27","kjv.Prov.27"
"kjv","Prov.28","kjv.Prov.28"
"kjv","Prov.29","kjv.Prov.29"
"kjv","Prov.30","kjv.Prov.30"
"kjv","Prov.31","kjv.Prov.31"
"kjv","Eccl.1","kjv.Eccl.1"
"kjv","Eccl.2","kjv.Eccl.2"
"kjv","Eccl.3","kjv.Eccl.3"
"kjv","Eccl.4","kjv.Eccl.4"
"kjv","Eccl.5","kjv.Eccl.5"
"kjv","Eccl.6","kjv.Eccl.6"
"kjv","Eccl.7","kjv.Eccl.7"
"kjv","Eccl.8","kjv.Eccl.8"
"kjv","Eccl.9","kjv.Eccl.9"
"kjv","Eccl.10","kjv.Eccl.10"
"kjv","Eccl.11","kjv.Eccl.11"
"kjv","Eccl.12","kjv.Eccl.12"
"kjv","Song.1","kjv.Song.1"
"kjv","Song.2","kjv.Song.2"
"kjv","Song.3","kjv.Song.3"
"kjv","Song.4","kjv.Song.4"
"kjv","Song.5","kjv.Song.5"
"kjv","Song.6","kjv.Song.6"
"kjv","Song.7","kjv.Song.7"
"kjv","Song.8","kjv.Song.8"
"kjv","Isa.1","kjv.Isa.1"
"kjv","Isa.2","kjv.Isa.2"
"kjv","Isa.3","kjv.Isa.3"
"kjv","Isa.4","kjv.Isa.4"
"kjv","Isa.5","kjv.Isa.5"
"kjv","Isa.6","kjv.Isa.6"
"kjv","Isa.7","kjv.Isa.7"
"kjv","Isa.8","kjv.Isa.8"
"kjv","Isa.9","kjv.Isa.9"
"kjv","Isa.10","kjv.Isa.10"
"kjv","Isa.11","kjv.Isa.11"
"kjv","Isa.12","kjv.Isa.12"
"kjv","Isa.13","kjv.Isa.13"
"kjv","Isa.14","kjv.Isa.14"
"kjv","Isa.15","kjv.Isa.15"
"kjv","Isa.16","kjv.Isa.16"
"kjv","Isa.17","kjv.Isa.17"
"kjv","Isa.18","kjv.Isa.18"
"kjv","Isa.19","kjv.Isa.19"
"kjv","Isa.20","kjv.Isa.20"
"kjv","Isa.21","kjv.Isa.21"
"kjv","Isa.22","kjv.Isa.22"
"kjv","Isa.23","kjv.Isa.23"
"kjv","Isa.24","kjv.Isa.24"
"kjv","Isa.25","kjv.Isa.25"
"kjv","Isa.26","kjv.Isa.26"
"kjv","Isa.27","kjv.Isa.27"
"kjv","Isa.28","kjv.Isa.28"
"kjv","Isa.29","kjv.Isa.29"
"kjv","Isa.30","kjv.Isa.30"
"kjv","Isa.31","kjv.Isa.31"
"kjv","Isa.32","kjv.Isa.32"
"kjv","Isa.33","kjv.Isa.33"
"kjv","Isa.34","kjv.Isa.34"
"kjv","Isa.35","kjv.Isa.35"
"kjv","Isa.36","kjv.Isa.36"
"kjv","Isa.37","kjv.Isa.37"
"kjv","Isa.38","kjv.Isa.38"
"kjv","Isa.39","kjv.Isa.39"
"kjv","Isa.40","kjv.Isa.40"
"kjv","Isa.41","kjv.Isa.41"
"kjv","Isa.42","kjv.Isa.42"
"kjv","Isa.43","kjv.Isa.43"
"kjv","Isa.44","kjv.Isa.44"
"kjv","Isa.45","kjv.Isa.45"
"kjv","Isa.46","kjv.Isa.46"
"kjv","Isa.47","kjv.Isa.47"
"kjv","Isa.48","kjv.Isa.48"
"kjv","Isa.49","kjv.Isa.49"
"kjv","Isa.50","kjv.Isa.50"
"kjv","Isa.51","kjv.Isa.51"
"kjv","Isa.52","kjv.Isa.52"
"kjv","Isa.53","kjv.Isa.53"
"kjv","Isa.54","kjv.Isa.54"
"kjv","Isa.55","kjv.Isa.55"
"kjv","Isa.56","kjv.Isa.56"
"kjv","Isa.57","kjv.Isa.57"
"kjv","Isa.58","kjv.Isa.58"
"kjv","Isa.59","kjv.Isa.59"
"kjv","Isa.60","kjv.Isa.60"
"kjv","Isa.61","kjv.Isa.61"
"kjv","Isa.62","kjv.Isa.62"
"kjv","Isa.63","kjv.Isa.63"
"kjv","Isa.64","kjv.Isa.64"
"kjv","Isa.65","kjv.Isa.65"
"kjv","Isa.66","kjv.Isa.66"
"kjv","Jer.1","kjv.Jer.1"
"kjv","Jer.2","kjv.Jer.2"
"kjv","Jer.3","kjv.Jer.3"
"kjv","Jer.4","kjv.Jer.4"
"kjv","Jer.5","kjv.Jer.5"
"kjv","Jer.6","kjv.Jer.6"
"kjv","Jer.7","kjv.Jer.7"
"kjv","Jer.8","kjv.Jer.8"
"kjv","Jer.9","kjv.Jer.9"
"kjv","Jer.10","kjv.Jer.10"
"kjv","Jer.11","kjv.Jer.11"
"kjv","Jer.12","kjv.Jer.12"
"kjv","Jer.13","kjv.Jer.13"
"kjv","Jer.14","kjv.Jer.14"
"kjv","Jer.15","kjv.Jer.15"
"kjv","Jer.16","kjv.Jer.16"
"kjv","Jer.17","kjv.Jer.17"
"kjv","Jer.18","kjv.Jer.18"
"kjv","Jer.19","kjv.Jer.19"
"kjv","Jer.20","kjv.Jer.20"
"kjv","Jer.21","kjv.Jer.21"
"kjv","Jer.22","kjv.Jer.22"
"kjv","Jer.23","kjv.Jer.23"
"kjv","Jer.24","kjv.Jer.24"
"kjv","Jer.25","kjv.Jer.25"
"kjv","Jer.26","kjv.Jer.26"
"kjv","Jer.27","kjv.Jer.27"
"kjv","Jer.28","kjv.Jer.28"
"kjv","Jer.29","kjv.Jer.29"
"kjv","Jer.30","kjv.Jer.30"
"kjv","Jer.31","kjv.Jer.31"
"kjv","Jer.32","kjv.Jer.32"
"kjv","Jer.33","kjv.Jer.33"
"kjv","Jer.34","kjv.Jer.34"
"kjv","Jer.35","kjv.Jer.35"
"kjv","Jer.36","kjv.Jer.36"
"kjv","Jer.37","kjv.Jer.37"
"kjv","Jer.38","kjv.Jer.38"
"kjv","Jer.39","kjv.Jer.39"
"kjv","Jer.40","kjv.Jer.40"
"kjv","Jer.41","kjv.Jer.41"
"kjv","Jer.42","kjv.Jer.42"
"kjv","Jer.43","kjv.Jer.43"
"kjv","Jer.44","kjv.Jer.44"
"kjv","Jer.45","kjv.Jer.45"
"kjv","Jer.46","kjv.Jer.46"
"kjv","Jer.47","kjv.Jer.47"
"kjv","Jer.48","kjv.Jer.48"
"kjv","Jer.49","kjv.Jer.49"
"kjv","Jer.50","kjv.Jer.50"
"kjv","Jer.51","kjv.Jer.51"
"kjv","Jer.52","kjv.Jer.52"
"kjv","Lam.1","kjv.Lam.1"
"kjv","Lam.2","kjv.Lam.2"
"kjv","Lam.3","kjv.Lam.3"
"kjv","Lam.4","kjv.Lam.4"
"kjv","Lam.5","kjv.Lam.5"
"kjv","Ezek.1","kjv.Ezek.1"
"kjv","Ezek.2","kjv.Ezek.2"
"kjv","Ezek.3","kjv.Ezek.3"
"kjv","Ezek.4","kjv.Ezek.4"
"kjv","Ezek.5","kjv.Ezek.5"
"kjv","Ezek.6","kjv.Ezek.6"
"kjv","Ezek.7","kjv.Ezek.7"
"kjv","Ezek.8","kjv.Ezek.8"
"kjv","Ezek.9","kjv.Ezek.9"
"kjv","Ezek.10","kjv.Ezek.10"
"kjv","Ezek.11","kjv.Ezek.11"
"kjv","Ezek.12","kjv.Ezek.12"
"kjv","Ezek.13","kjv.Ezek.13"
"kjv","Ezek.14","kjv.Ezek.14"
"kjv","Ezek.15","kjv.Ezek.15"
"kjv","Ezek.16","kjv.Ezek.16"
"kjv","Ezek.17","kjv.Ezek.17"
"kjv","Ezek.18","kjv.Ezek.18"
"kjv","Ezek.19","kjv.Ezek.19"
"kjv","Ezek.20","kjv.Ezek.20"
"kjv","Ezek.21","kjv.Ezek.21"
"kjv","Ezek.22","kjv.Ezek.22"
"kjv","Ezek.23","kjv.Ezek.23"
"kjv","Ezek.24","kjv.Ezek.24"
"kjv","Ezek.25","kjv.Ezek.25"
"kjv","Ezek.26","kjv.Ezek.26"
"kjv","Ezek.27","kjv.Ezek.27"
"kjv","Ezek.28","kjv.Ezek.28"
"kjv","Ezek.29","kjv.Ezek.29"
"kjv","Ezek.30","kjv.Ezek.30"
"kjv","Ezek.31","kjv.Ezek.31"
"kjv","Ezek.32","kjv.Ezek.32"
"kjv","Ezek.33","kjv.Ezek.33"
"kjv","Ezek.34","kjv.Ezek.34"
"kjv","Ezek.35","kjv.Ezek.35"
"kjv","Ezek.36","kjv.Ezek.36"
"kjv","Ezek.37","kjv.Ezek.37"
"kjv","Ezek.38","kjv.Ezek.38"
"kjv","Ezek.39","kjv.Ezek.39"
"kjv","Ezek.40","kjv.Ezek.40"
"kjv","Ezek.41","kjv.Ezek.41"
"kjv","Ezek.42","kjv.Ezek.42"
"kjv","Ezek.43","kjv.Ezek.43"
"kjv","Ezek.44","kjv.Ezek.44"
"kjv","Ezek.45","kjv.Ezek.45"
"kjv","Ezek.46","kjv.Ezek.46"
"kjv","Ezek.47","kjv.Ezek.47"
"kjv","Ezek.48","kjv.Ezek.48"
"kjv","Dan.1","kjv.Dan.1"
"kjv","Dan.2","kjv.Dan.2"
"kjv","Dan.3","kjv.Dan.3"
"kjv","Dan.4","kjv.Dan.4"
"kjv","Dan.5","kjv.Dan.5"
"kjv","Dan.6","kjv.Dan.6"
"kjv","Dan.7","kjv.Dan.7"
"kjv","Dan.8","kjv.Dan.8"
"kjv","Dan.9","kjv.Dan.9"
"kjv","Dan.10","kjv.Dan.10"
"kjv","Dan.11","kjv.Dan.11"
"kjv","Dan.12","kjv.Dan.12"
"kjv","Hos.1","kjv.Hos.1"
"kjv","Hos.2","kjv.Hos.2"
"kjv","Hos.3","kjv.Hos.3"
"kjv","Hos.4","kjv.Hos.4"
"kjv","Hos.5","kjv.Hos.5"
"kjv","Hos.6","kjv.Hos.6"
"kjv","Hos.7","kjv.Hos.7"
"kjv","Hos.8","kjv.Hos.8"
"kjv","Hos.9","kjv.Hos.9"
"kjv","Hos.10","kjv.Hos.10"
"kjv","Hos.11","kjv.Hos.11"
"kjv","Hos.12","kjv.Hos.12"
"kjv","Hos.13","kjv.Hos.13"
"kjv","Hos.14","kjv.Hos.14"
"kjv","Joel.1","kjv.Joel.1"
"kjv","Joel.2","kjv.Joel.2"
"kjv","Joel.3","kjv.Joel.3"
"kjv","Amos.1","kjv.Amos.1"
"kjv","Amos.2","kjv.Amos.2"
"kjv","Amos.3","kjv.Amos.3"
"kjv","Amos.4","kjv.Amos.4"
"kjv","Amos.5","kjv.Amos.5"
"kjv","Amos.6","kjv.Amos.6"
"kjv","Amos.7","kjv.Amos.7"
"kjv","Amos.8","kjv.Amos.8"
"kjv","Amos.9","kjv.Amos.9"
"kjv","Obad.1","kjv.Obad.1"
"kjv","Jonah.1","kjv.Jonah.1"
"kjv","Jonah.2","kjv.Jonah.2"
"kjv","Jonah.3","kjv.Jonah.3"
"kjv","Jonah.4","kjv.Jonah.4"
"kjv","Mic.1","kjv.Mic.1"
"kjv","Mic.2","kjv.Mic.2"
"kjv","Mic.3","kjv.Mic.3"
"kjv","Mic.4","kjv.Mic.4"
"kjv","Mic.5","kjv.Mic.5"
"kjv","Mic.6","kjv.Mic.6"
"kjv","Mic.7","kjv.Mic.7"
"kjv","Nah.1","kjv.Nah.1"
"kjv","Nah.2","kjv.Nah.2"
"kjv","Nah.3","kjv.Nah.3"
"kjv","Hab.1","kjv.Hab.1"
"kjv","Hab.2","kjv.Hab.2"
"kjv","Hab.3","kjv.Hab.3"
"kjv","Zeph.1","kjv.Zeph.1"
"kjv","Zeph.2","kjv.Zeph.2"
"kjv","Zeph.3","kjv.Zeph.3"
"kjv","Hag.1","kjv.Hag.1"
"kjv","Hag.2","kjv.Hag.2"
"kjv","Zech.1","kjv.Zech.1"
"kjv","Zech.2","kjv.Zech.2"
"kjv","Zech.3","kjv.Zech.3"
"kjv","Zech.4","kjv.Zech.4"
"kjv","Zech.5","kjv.Zech.5"
"kjv","Zech.6","kjv.Zech.6"
"kjv","Zech.7","kjv.Zech.7"
"kjv","Zech.8","kjv.Zech.8"
"kjv","Zech.9","kjv.Zech.9"
"kjv","Zech.10","kjv.Zech.10"
"kjv","Zech.11","kjv.Zech.11"
"kjv","Zech.12","kjv.Zech.12"
"kjv","Zech.13","kjv.Zech.13"
"kjv","Zech.14","kjv.Zech.14"
"kjv","Mal.1","kjv.Mal.1"
"kjv","Mal.2","kjv.Mal.2"
"kjv","Mal.3","kjv.Mal.3"
"kjv","Mal.4","kjv.Mal.4"
"kjv","Matt.1","kjv.Matt.1"
"kjv","Matt.2","kjv.Matt.2"
"kjv","Matt.3","kjv.Matt.3"
"kjv","Matt.4","kjv.Matt.4"
"kjv","Matt.5","kjv.Matt.5"
"kjv","Matt.6","kjv.Matt.6"
"kjv","Matt.7","kjv.Matt.7"
"kjv","Matt.8","kjv.Matt.8"
"kjv","Matt.9","kjv.Matt.9"
"kjv","Matt.10","kjv.Matt.10"
"kjv","Matt.11","kjv.Matt.11"
"kjv","Matt.12","kjv.Matt.12"
"kjv","Matt.13","kjv.Matt.13"
"kjv","Matt.14","kjv.Matt.14"
"kjv","Matt.15","kjv.Matt.15"
"kjv","Matt.16","kjv.Matt.16"
"kjv","Matt.17","kjv.Matt.17"
"kjv","Matt.18","kjv.Matt.18"
"kjv","Matt.19","kjv.Matt.19"
"kjv","Matt.20","kjv.Matt.20"
"kjv","Matt.21","kjv.Matt.21"
"kjv","Matt.22","kjv.Matt.22"
"kjv","Matt.23","kjv.Matt.23"
"kjv","Matt.24","kjv.Matt.24"
"kjv","Matt.25","kjv.Matt.25"
"kjv","Matt.26","kjv.Matt.26"
"kjv","Matt.27","kjv.Matt.27"
"kjv","Matt.28","kjv.Matt.28"
"kjv","Mark.1","kjv.Mark.1"
"kjv","Mark.2","kjv.Mark.2"
"kjv","Mark.3","kjv.Mark.3"
"kjv","Mark.4","kjv.Mark.4"
"kjv","Mark.5","kjv.Mark.5"
"kjv","Mark.6","kjv.Mark.6"
"kjv","Mark.7","kjv.Mark.7"
"kjv","Mark.8","kjv.Mark.8"
"kjv","Mark.9","kjv.Mark.9"
"kjv","Mark.10","kjv.Mark.10"
"kjv","Mark.11","kjv.Mark.11"
"kjv","Mark.12","kjv.Mark.12"
"kjv","Mark.13","kjv.Mark.13"
"kjv","Mark.14","kjv.Mark.14"
"kjv","Mark.15","kjv.Mark.15"
"kjv","Mark.16","kjv.Mark.16"
"kjv","Luke.1","kjv.Luke.1"
"kjv","Luke.2","kjv.Luke.2"
"kjv","Luke.3","kjv.Luke.3"
"kjv","Luke.4","kjv.Luke.4"
"kjv","Luke.5","kjv.Luke.5"
"kjv","Luke.6","kjv.Luke.6"
"kjv","Luke.7","kjv.Luke.7"
"kjv","Luke.8","kjv.Luke.8"
"kjv","Luke.9","kjv.Luke.9"
"kjv","Luke.10","kjv.Luke.10"
"kjv","Luke.11","kjv.Luke.11"
"kjv","Luke.12","kjv.Luke.12"
"kjv","Luke.13","kjv.Luke.13"
"kjv","Luke.14","kjv.Luke.14"
"kjv","Luke.15","kjv.Luke.15"
"kjv","Luke.16","kjv.Luke.16"
"kjv","Luke.17","kjv.Luke.17"
"kjv","Luke.18","kjv.Luke.18"
"kjv","Luke.19","kjv.Luke.19"
"kjv","Luke.20","kjv.Luke.20"
"kjv","Luke.21","kjv.Luke.21"
"kjv","Luke.22","kjv.Luke.22"
"kjv","Luke.23","kjv.Luke.23"
"kjv","Luke.24","kjv.Luke.24"
"kjv","John.1","kjv.John.1"
"kjv","John.2","kjv.John.2"
"kjv","John.3","kjv.John.3"
"kjv","John.4","kjv.John.4"
